paymentId,amount,method,status,timestamp
6e66c6d6-9a93-47e8-aec2-0319b96004ce,10.0,Credit,SUCCESS,2026-04-05T17:31:47.762091100
7e2d6820-ee38-484d-a4a5-6b86df5f09f2,10.0,Credit Card,SUCCESS,2026-04-05T17:31:49.007155
130bcbc9-84a6-4fe5-b0e1-d9dfc76c1f02,10.0,Credit Card,SUCCESS,2026-04-05T17:31:49.943940800
ce97f486-a212-46c3-b2aa-964878dd6e97,10.0,Credit Card,SUCCESS,2026-04-05T17:39:56.356578100
9eb21e52-5575-4665-9867-6600818fcfa5,10.0,Credit Card,SUCCESS,2026-04-05T17:39:57.266637300
c234dd63-4bab-44c5-a25b-2a71b4071846,10.0,Credit Card,SUCCESS,2026-04-05T18:31:18.140655700
d78fc64c-faa0-4679-99cc-5db440d07099,10.0,Credit Card,SUCCESS,2026-04-05T18:31:19.076418400
d9624c3c-8c16-4f10-8afd-a7fca020c83b,10.0,Credit Card,SUCCESS,2026-04-05T18:32:35.392649600
afe198c4-dd26-4a49-ac54-3286ec12caeb,10.0,Credit Card,SUCCESS,2026-04-05T18:32:36.302787400
53875b5d-a142-4e2c-ae6d-693f8fc8f2cc,10.0,Credit Card,SUCCESS,2026-04-05T19:01:23.606411
fc1c502f-bab8-49e6-bc0d-11ae78a8a75f,10.0,Credit Card,SUCCESS,2026-04-05T19:01:24.559830200
2c2639ef-add4-4242-9d94-250b68d38c48,10.0,Credit Card,SUCCESS,2026-04-05T19:08:48.702190300
454c9078-1900-4cff-93e3-bed1bc151f63,10.0,Credit Card,SUCCESS,2026-04-05T19:08:49.648272700
